t_int,i_pa,mode
5.000000000000002,7.384923699999997,INT
10.0,3.6703513000000005,INT
19.9999,1.83518482592413,INT
