t_int_s,delta_v_mv,i_leak_na
0.0012499899999999999,0.0,0.0
0.00625,0.0,0.0
0.0124999,0.0,0.0
0.0625,0.0,0.0
0.12499999999999997,0.0,0.0
0.24999999999999994,0.0,0.0
0.625,0.0,0.0
1.25,0.0,0.0
2.5000000000000004,0.0,0.0
