t_int_s,delta_v,i_dark_pa
5.000000000000002,0.0,0.0
9.999999999999996,0.0,0.0
